{
  "conn": {
    "1": {
      "p50": 14.90524085238576,
      "p95": 14.90524085238576,
      "p99": 14.90524085238576,
      "mean": 16.081790595004957,
      "n": 1,
      "samples": 3
    },
    "2": {
      "p50": 56.79797241464257,
      "p95": 57.704847771674395,
      "p99": 57.704847771674395,
      "mean": 50.8212660982584,
      "n": 2,
      "samples": 6
    },
    "3": {
      "p50": 61.91082112491131,
      "p95": 71.11002318561077,
      "p99": 71.11002318561077,
      "mean": 63.692416374882065,
      "n": 3,
      "samples": 9
    },
    "5": {
      "p50": 78.74569203704596,
      "p95": 96.32178605534136,
      "p99": 96.32178605534136,
      "mean": 78.40772721295555,
      "n": 5,
      "samples": 15
    },
    "10": {
      "p50": 40.96782696433365,
      "p95": 56.08549201861024,
      "p99": 59.41465403884649,
      "mean": 43.35656018617252,
      "n": 10,
      "samples": 30
    }
  },
  "pool": {
    "1": {
      "p50": 1.0974470060318708,
      "p95": 1.0974470060318708,
      "p99": 1.0974470060318708,
      "mean": 1.9944243443508942,
      "n": 1,
      "samples": 3
    },
    "2": {
      "p50": 0.9777355007827282,
      "p95": 1.1434699408710003,
      "p99": 1.1434699408710003,
      "mean": 1.033587148413062,
      "n": 2,
      "samples": 6
    },
    "3": {
      "p50": 1.7774570733308792,
      "p95": 2.0235569681972265,
      "p99": 2.0235569681972265,
      "mean": 1.6796835439486637,
      "n": 3,
      "samples": 9
    },
    "5": {
      "p50": 2.1126840729266405,
      "p95": 2.737581031396985,
      "p99": 2.737581031396985,
      "mean": 1.9564250949770212,
      "n": 5,
      "samples": 15
    },
    "10": {
      "p50": 3.449545009061694,
      "p95": 5.698401015251875,
      "p99": 5.726011004298925,
      "mean": 3.5230298448974886,
      "n": 10,
      "samples": 30
    }
  }
}